"baseMean","log2FoldChange","lfcSE","stat","pvalue","padj","gene_id","direccion"
48.0783726894218,-2.96097110791769,0.277691387515133,-10.6628121758235,1.51932659065751e-26,5.62150838543279e-25,"FTO","Mayor en Obeso2"
43.4191077451244,-3.12880615369898,0.382808087660831,-8.17330211808667,3.00061329737786e-16,5.55113460014904e-15,"MC4R","Mayor en Obeso2"
38.624624997384,3.20833732474738,0.803493807426759,3.99298326271149,6.52471756299731e-05,0.000804715166103002,"LEPR","Mayor en Obeso1"
49.6098717493148,0.721768243017475,0.213084529813261,3.38723906259175,0.000705998399540847,0.00522438815660227,"POMC","Mayor en Obeso1"
49.8079986076346,0.762358147777033,0.222213122154181,3.43075215534786,0.000601910266734879,0.00522438815660227,"SH2B1","Mayor en Obeso1"
