"gene_id","baseMean","log2FoldChange","pvalue","padj","direccion","interpretacion_biologica","fuente_sugerida"
"FTO",48.0783726894218,-2.96097110791769,1.51932659065751e-26,5.62150838543279e-25,"Mayor en Obeso2","","GeneCards/PubMed/OMIM/Reactome/KEGG"
"MC4R",43.4191077451244,-3.12880615369898,3.00061329737786e-16,5.55113460014904e-15,"Mayor en Obeso2","","GeneCards/PubMed/OMIM/Reactome/KEGG"
"LEPR",38.624624997384,3.20833732474738,6.52471756299731e-05,0.000804715166103002,"Mayor en Obeso1","","GeneCards/PubMed/OMIM/Reactome/KEGG"
"POMC",49.6098717493148,0.721768243017475,0.000705998399540847,0.00522438815660227,"Mayor en Obeso1","","GeneCards/PubMed/OMIM/Reactome/KEGG"
"SH2B1",49.8079986076346,0.762358147777033,0.000601910266734879,0.00522438815660227,"Mayor en Obeso1","","GeneCards/PubMed/OMIM/Reactome/KEGG"
