"gene_id","baseMean","log2FoldChange","pvalue","padj","direccion","interpretacion_biologica","fuente_sugerida"
"FTO",48.1836670906643,-2.96716728130748,2.00692630355211e-26,7.42562732314281e-25,"Mayor en Obeso2","","GeneCards/PubMed/OMIM/Reactome/KEGG"
"MC4R",43.3595717378242,-3.23586554710539,2.971356724106e-16,5.49700993959609e-15,"Mayor en Obeso2","","GeneCards/PubMed/OMIM/Reactome/KEGG"
"LEPR",38.5808780811598,3.20518095018198,6.57058333160941e-05,0.000810371944231827,"Mayor en Obeso1","","GeneCards/PubMed/OMIM/Reactome/KEGG"
"SH2B1",49.7913520885027,0.75628191616952,0.000747603047515586,0.00691532818951917,"Mayor en Obeso1","","GeneCards/PubMed/OMIM/Reactome/KEGG"
"POMC",49.5027320772743,0.696608615080851,0.00101711920500873,0.00752668211706459,"Mayor en Obeso1","","GeneCards/PubMed/OMIM/Reactome/KEGG"
